<?xml version="1.0" encoding="UTF-8"?>
<books>
	<book>
		<subject>소설</subject>
		<title>해질무렵</title>
		<author>황석영</author>
	</book>
	<book>
		<subject>소설</subject>
		<title>마션</title>
		<author>앤디위어</author>
	</book>
	<book>
		<subject>소설</subject>
		<title>어린왕자</title>
		<author>생떽쥐베리</author>
	</book>
	<book>
		<subject>소설</subject>
		<title>당신</title>
		<author>박범신</author>
	</book>
	<book>
		<subject>프로그래밍</subject>
		<title>Oracle</title>
		<author>이순신</author>
	</book>
	<book>
		<subject>프로그래밍</subject>
		<title>자바</title>
		<author>안중근</author>
	</book>
	<book>
		<subject>프로그래밍</subject>
		<title><![CDATA[JSP & Servlet]]></title>
		<author>세종대왕</author>
	</book>
</books>